X, a*,gap,pancake28, "21 24 5 25 16 13 15 1 26 7 2 0 22 19 9 10 17 20 23 4 14 12 8 27 11 6 3 18", 
27,27,413,0.003538,116733
X, a*,gap,pancake28, "14 5 1 22 26 19 12 21 27 11 4 25 0 10 7 9 18 24 13 6 8 2 23 16 15 20 3 17", 
28,27,12961,0.146786,88298.6
X, a*,gap,pancake28, "5 11 2 18 17 6 19 27 20 15 22 4 23 1 14 26 0 7 10 21 16 3 24 12 8 25 13 9", 
28,27,1251,0.012188,102642
X, a*,gap,pancake28, "24 16 13 19 25 14 23 4 8 5 7 20 22 10 2 27 3 17 18 21 15 0 26 6 1 9 11 12", 
27,26,2162,0.022707,95212.9
X, a*,gap,pancake28, "16 3 11 8 7 23 21 5 26 15 24 12 20 22 10 6 14 17 13 1 18 2 19 25 0 9 27 4", 
28,27,5850,0.062569,93496.8
X, a*,gap,pancake28, "21 6 1 22 0 12 9 23 18 27 15 10 4 26 16 7 20 3 13 14 17 5 24 2 11 8 19 25", 
28,27,14658,0.164891,88895.1
X, a*,gap,pancake28, "21 22 11 15 10 12 9 25 17 16 24 2 7 3 19 1 26 4 18 27 5 20 14 8 13 23 0 6", 
27,26,2478,0.027007,91754
X, a*,gap,pancake28, "1 18 22 14 13 2 23 8 25 0 21 17 24 5 12 11 15 27 3 10 20 16 19 9 4 26 6 7", 
26,25,2787,0.027256,102253
X, a*,gap,pancake28, "3 1 23 18 10 0 12 15 4 21 20 9 27 13 24 14 26 19 8 7 5 25 22 6 16 17 11 2", 
25,25,345,0.00322,107143
X, a*,gap,pancake28, "27 12 13 9 10 19 4 20 25 14 16 2 21 15 7 18 3 5 17 1 8 0 26 11 22 6 23 24", 
26,25,10532,0.12496,84283
X, a*,gap,pancake28, "2 15 25 27 13 12 21 22 9 17 23 7 20 4 5 3 11 0 8 10 26 14 24 16 6 1 19 18", 
25,24,4061,0.04738,85711.3
X, a*,gap,pancake28, "15 0 21 22 12 3 6 23 4 5 10 26 11 19 18 17 14 16 24 25 27 9 20 8 7 1 13 2", 
23,22,2318,0.023614,98162.1
X, a*,gap,pancake28, "16 10 22 25 2 4 20 1 12 14 11 26 5 24 17 3 15 18 0 19 21 23 8 6 7 9 27 13", 
27,27,783,0.006727,116397
X, a*,gap,pancake28, "20 21 0 9 15 1 11 25 16 18 17 10 19 27 3 22 24 26 14 13 2 6 8 12 5 23 4 7", 
26,25,27998,0.325819,85931.1
X, a*,gap,pancake28, "12 1 8 11 14 18 16 23 10 19 17 3 0 21 7 27 6 13 9 2 25 26 24 20 15 5 4 22", 
26,26,299,0.002776,107709
X, a*,gap,pancake28, "15 18 0 27 16 26 6 7 25 4 2 17 9 19 24 11 12 13 5 3 10 20 21 8 1 22 23 14", 
24,23,398,0.003344,119019
X, a*,gap,pancake28, "9 2 1 11 6 7 14 25 12 10 18 8 24 17 3 4 20 26 15 0 16 19 13 22 27 21 5 23", 
25,25,88,0.000722,121884
X, a*,gap,pancake28, "11 16 0 24 6 22 25 17 9 20 21 14 15 26 1 3 12 8 23 2 5 10 27 4 7 13 18 19", 
26,25,2464,0.025032,98434
X, a*,gap,pancake28, "4 15 0 8 2 27 22 21 7 26 13 17 3 11 20 24 1 23 25 5 18 14 9 16 6 10 12 19", 
28,27,24851,0.297695,83478.1
X, a*,gap,pancake28, "10 21 20 1 15 6 2 3 5 22 18 12 27 4 23 7 0 9 8 25 14 24 26 11 19 16 13 17", 
26,25,19329,0.240951,80219.6
X, a*,gap,pancake28, "26 24 16 25 5 8 12 19 11 7 4 13 10 22 20 17 2 27 6 18 1 9 14 3 0 15 23 21", 
29,28,13187,0.148287,88928.9
X, a*,gap,pancake28, "9 16 23 17 27 0 13 8 6 5 10 14 7 26 2 3 18 25 12 11 15 4 24 1 20 22 21 19", 
25,24,2504,0.028468,87958.4
X, a*,gap,pancake28, "20 15 11 7 24 23 21 0 17 2 16 12 19 18 26 1 13 6 4 9 14 25 27 22 10 3 8 5", 
27,26,26599,0.32136,82770.1
X, a*,gap,pancake28, "18 22 11 19 3 13 27 1 12 26 5 21 10 23 15 25 2 20 14 24 9 17 8 16 0 6 7 4", 
28,27,2458,0.025185,97597.8
X, a*,gap,pancake28, "17 15 12 1 5 24 8 20 9 11 25 10 7 6 19 0 23 26 18 4 3 27 21 2 16 22 14 13", 
26,25,2277,0.02371,96035.4
X, a*,gap,pancake28, "22 9 19 1 12 0 5 4 2 10 15 21 11 24 6 16 25 3 18 26 7 20 13 23 8 17 14 27", 
27,26,1193,0.011514,103613
X, a*,gap,pancake28, "16 17 15 6 13 9 25 10 26 22 5 3 19 14 18 0 20 1 23 12 7 21 27 24 4 11 2 8", 
27,27,922,0.007645,120602
X, a*,gap,pancake28, "6 2 19 23 11 16 8 12 20 21 0 1 5 13 17 10 24 4 18 22 7 15 26 25 27 9 3 14", 
27,25,68845,0.93284,73801.5
X, a*,gap,pancake28, "1 18 9 22 19 12 16 11 26 20 13 14 5 25 24 17 6 2 10 0 4 21 7 8 15 23 27 3", 
26,25,3918,0.046032,85114.7
X, a*,gap,pancake28, "14 2 27 3 1 10 8 15 19 16 26 12 24 7 21 4 0 6 22 13 23 5 11 9 18 17 20 25", 
28,27,4412,0.049734,88711.9
X, a*,gap,pancake28, "5 27 18 10 4 22 19 13 9 2 0 26 8 1 17 7 25 11 21 20 15 16 12 6 23 24 3 14", 
25,25,292,0.002746,106336
X, a*,gap,pancake28, "2 4 10 26 6 18 1 17 11 14 19 22 0 15 23 21 16 13 27 24 8 25 7 3 12 20 5 9", 
29,28,16463,0.214347,76805.4
X, a*,gap,pancake28, "7 25 2 26 11 24 1 0 4 8 10 19 18 5 27 17 13 21 15 6 14 9 12 3 16 23 22 20", 
26,25,2073,0.02182,95004.6
X, a*,gap,pancake28, "8 2 13 3 11 4 19 17 9 18 27 25 23 22 14 1 15 12 26 0 5 16 6 10 24 21 20 7", 
26,26,160,0.001423,112439
X, a*,gap,pancake28, "6 12 7 17 15 20 3 24 16 18 8 10 21 22 9 19 4 0 11 27 2 26 13 1 25 14 23 5", 
28,27,3105,0.030134,103040
X, a*,gap,pancake28, "9 21 19 8 7 6 12 13 1 3 26 4 15 5 22 23 11 16 25 27 14 0 10 17 18 24 2 20", 
24,23,4886,0.053678,91024.3
X, a*,gap,pancake28, "11 17 27 4 21 2 23 16 26 7 24 18 6 25 19 1 0 10 9 15 12 5 13 8 14 3 22 20", 
27,26,481,0.004975,96683.4
X, a*,gap,pancake28, "0 12 23 18 22 6 25 4 7 8 2 3 1 11 16 9 17 26 20 21 13 27 10 14 5 24 19 15", 
26,25,3855,0.045163,85357.5
X, a*,gap,pancake28, "8 3 11 9 2 21 23 24 1 13 19 27 6 5 7 17 22 10 14 25 26 15 18 4 20 0 12 16", 
26,25,2358,0.023857,98838.9
X, a*,gap,pancake28, "13 10 1 18 23 27 8 6 17 21 12 2 16 7 25 11 15 22 0 5 9 14 20 3 26 24 4 19", 
29,28,3677,0.034116,107779
X, a*,gap,pancake28, "8 7 12 24 25 5 23 4 13 0 27 18 14 19 16 2 15 1 21 26 20 6 10 3 22 11 9 17", 
27,26,1070,0.01088,98345.6
X, a*,gap,pancake28, "21 6 4 17 23 20 13 12 5 22 8 7 18 14 27 16 9 24 25 15 3 1 10 11 26 0 2 19", 
25,24,9561,0.114578,83445.3
X, a*,gap,pancake28, "5 27 25 16 15 20 22 8 24 14 18 26 6 11 21 9 3 4 17 19 7 10 23 13 0 12 2 1", 
26,25,7133,0.074385,95893
X, a*,gap,pancake28, "14 20 12 4 9 8 3 7 5 13 26 2 23 22 21 18 25 19 6 17 27 11 15 0 10 1 24 16", 
26,25,2941,0.030619,96051.5
X, a*,gap,pancake28, "3 19 10 21 26 16 23 24 5 7 18 22 11 8 15 1 4 20 9 12 0 2 27 25 14 13 17 6", 
27,26,1985,0.023094,85953.1
X, a*,gap,pancake28, "11 24 4 16 18 10 1 15 0 13 3 9 23 12 20 19 26 27 7 17 25 21 6 2 14 8 22 5", 
27,26,31053,0.426496,72809.6
X, a*,gap,pancake28, "19 20 2 9 16 14 27 12 24 26 3 0 25 11 17 5 21 22 10 4 8 23 1 18 7 13 15 6", 
27,26,4656,0.050923,91432.2
X, a*,gap,pancake28, "3 26 4 6 22 14 25 11 13 21 0 17 10 5 7 24 19 9 2 23 1 15 12 18 20 8 16 27", 
27,27,254,0.00265,95849.1
X, a*,gap,pancake28, "14 5 1 16 19 23 15 4 8 20 6 17 24 2 10 25 0 7 18 21 11 13 9 3 27 26 12 22", 
28,27,9976,0.116586,85567.7
X, a*,gap,pancake28, "25 14 11 17 3 9 7 26 5 1 0 21 20 8 24 18 10 16 27 23 4 6 15 22 19 2 12 13", 
26,25,3156,0.030358,103959
X, a*,gap,pancake28, "17 20 25 19 5 12 10 7 6 3 9 11 0 24 26 18 4 14 22 21 13 2 27 1 23 8 16 15", 
26,25,317,0.002857,110956
X, a*,gap,pancake28, "4 14 3 11 7 12 0 21 19 1 8 27 16 10 9 18 25 13 20 17 22 23 5 2 24 6 15 26", 
27,26,9712,0.114703,84670.8
X, a*,gap,pancake28, "4 18 23 25 20 7 24 6 16 11 27 17 19 3 13 12 2 1 0 15 22 26 8 9 21 10 14 5", 
25,24,2533,0.025357,99893.5
X, a*,gap,pancake28, "15 0 5 23 20 4 1 10 16 7 24 26 25 27 9 14 13 8 18 11 2 22 6 12 17 3 21 19", 
28,26,104255,1.27284,81907.6
X, a*,gap,pancake28, "21 3 13 20 26 23 16 17 18 25 4 6 15 1 9 5 19 7 0 27 24 22 10 2 12 14 8 11", 
27,26,4481,0.052526,85310.1
X, a*,gap,pancake28, "14 22 9 6 4 18 10 2 21 16 8 25 12 26 3 15 0 1 13 19 24 27 5 20 11 23 7 17", 
28,27,28205,0.327352,86161.1
X, a*,gap,pancake28, "8 24 1 27 14 10 22 2 17 12 9 26 13 16 6 23 25 21 0 7 19 3 20 15 18 4 5 11", 
27,27,402,0.003357,119750
X, a*,gap,pancake28, "2 17 5 6 19 14 27 18 1 20 23 12 22 16 24 10 7 3 26 21 13 25 8 11 0 15 9 4", 
27,27,135,0.00126,107143
X, a*,gap,pancake28, "21 26 24 16 14 10 8 0 4 19 17 2 11 6 23 1 20 18 9 5 3 25 15 7 27 22 12 13", 
27,27,860,0.007255,118539
X, a*,gap,pancake28, "24 21 11 19 18 2 15 27 5 0 16 7 1 26 13 8 14 25 3 17 12 20 10 23 9 6 4 22", 
28,27,13613,0.151918,89607.6
X, a*,gap,pancake28, "15 12 0 5 10 20 25 26 4 14 11 9 19 6 21 13 27 3 1 2 23 18 17 7 24 16 8 22", 
25,25,92,0.000763,120577
X, a*,gap,pancake28, "27 19 6 5 8 10 0 4 13 22 17 14 2 11 12 20 24 21 23 15 7 9 3 18 16 25 1 26", 
27,26,512,0.005227,97952.9
X, a*,gap,pancake28, "17 24 15 3 16 9 10 13 11 2 6 12 1 5 18 8 19 25 0 4 7 23 27 22 20 26 14 21", 
27,27,363,0.003148,115311
X, a*,gap,pancake28, "23 24 25 13 9 2 16 8 15 27 0 7 3 20 21 4 14 11 22 1 17 26 18 12 5 6 19 10", 
25,24,4180,0.047496,88007.4
X, a*,gap,pancake28, "2 11 18 5 21 25 13 0 22 7 9 16 26 1 14 4 8 24 23 6 15 12 3 17 20 27 19 10", 
28,27,9413,0.112573,83616.9
X, a*,gap,pancake28, "16 11 23 4 13 17 26 2 20 18 24 7 0 14 8 25 15 19 12 1 27 5 6 3 22 9 21 10", 
27,27,411,0.00342,120175
X, a*,gap,pancake28, "1 20 18 25 12 22 11 4 7 8 21 26 5 14 9 10 0 13 23 3 15 17 27 16 19 6 2 24", 
27,26,4166,0.049139,84779.9
X, a*,gap,pancake28, "1 18 7 9 3 14 21 12 17 26 25 11 8 13 4 24 16 22 23 27 6 20 0 5 19 10 15 2", 
27,26,27499,0.328119,83808
X, a*,gap,pancake28, "20 2 16 9 10 6 7 1 4 22 15 5 3 19 17 18 27 14 8 12 24 13 23 0 11 26 21 25", 
26,25,19902,0.252644,78774.9
X, a*,gap,pancake28, "2 20 12 26 9 15 13 22 1 4 19 24 10 21 27 11 6 0 16 14 25 3 23 18 8 17 7 5", 
28,28,1119,0.011401,98149.3
X, a*,gap,pancake28, "1 11 25 17 15 2 24 7 21 10 6 22 16 4 13 19 0 20 14 12 3 23 18 5 8 9 26 27", 
26,25,3051,0.031117,98049.3
X, a*,gap,pancake28, "25 12 4 9 13 5 6 20 19 8 26 15 7 24 0 3 1 2 23 27 22 10 14 16 18 11 17 21", 
25,25,55,0.000408,134804
X, a*,gap,pancake28, "9 8 21 27 24 1 7 3 13 14 12 17 5 22 15 18 16 20 10 0 4 26 2 25 11 19 6 23", 
26,26,506,0.005134,98558.6
X, a*,gap,pancake28, "18 2 7 13 11 19 24 21 22 23 4 20 25 17 10 16 6 5 0 8 15 9 14 3 12 26 1 27", 
25,24,11164,0.127543,87531.3
X, a*,gap,pancake28, "26 19 21 9 1 5 22 16 0 18 23 4 27 3 6 11 25 13 8 17 24 2 15 20 12 7 10 14", 
29,28,16808,0.232688,72234.1
X, a*,gap,pancake28, "25 8 27 15 17 18 16 20 6 5 13 19 14 24 3 7 9 10 0 23 11 2 22 26 4 12 21 1", 
26,25,2959,0.028936,102260
X, a*,gap,pancake28, "1 27 15 9 6 5 19 4 3 18 21 20 26 17 22 8 23 16 0 13 25 11 2 12 14 10 7 24", 
25,25,154,0.001354,113737
X, a*,gap,pancake28, "3 26 8 6 5 16 25 12 23 20 10 21 13 0 22 19 17 11 7 4 15 14 1 9 24 2 18 27", 
26,25,30875,0.427443,72231.9
X, a*,gap,pancake28, "25 3 27 14 20 0 19 17 6 21 1 15 22 4 10 5 12 24 7 8 26 11 2 9 16 13 23 18", 
28,27,24874,0.292951,84908.4
X, a*,gap,pancake28, "15 3 22 14 24 9 10 27 19 25 17 26 23 8 11 20 7 21 1 18 0 13 16 4 2 6 12 5", 
27,27,1119,0.011317,98877.8
X, a*,gap,pancake28, "15 17 6 27 1 19 20 16 23 3 12 0 25 22 18 5 4 10 14 24 26 13 2 8 21 7 11 9", 
27,26,12072,0.14638,82470.3
X, a*,gap,pancake28, "14 22 25 9 6 18 17 4 1 27 8 5 11 15 3 12 13 20 16 10 26 2 7 19 21 24 0 23", 
27,26,10256,0.120541,85083.1
X, a*,gap,pancake28, "15 22 8 23 17 5 25 19 24 6 11 3 21 4 26 1 27 16 14 7 2 20 13 0 9 10 18 12", 
27,27,105,0.000842,124703
X, a*,gap,pancake28, "24 15 18 2 20 17 22 8 26 12 4 7 9 16 1 5 14 27 0 19 11 3 10 6 13 25 21 23", 
29,28,8783,0.113847,77147.4
X, a*,gap,pancake28, "16 15 19 25 23 7 17 22 5 4 0 24 9 14 11 10 1 18 13 3 6 26 2 27 8 20 12 21", 
26,25,5598,0.061436,91119.2
X, a*,gap,pancake28, "1 7 12 23 14 8 22 4 18 25 11 10 6 17 13 21 24 15 5 16 20 27 2 3 19 9 0 26", 
26,26,47,0.000374,125668
X, a*,gap,pancake28, "5 4 21 23 14 20 0 10 13 9 16 1 22 2 25 27 12 8 17 6 26 7 24 19 3 18 11 15", 
27,27,446,0.003673,121427
X, a*,gap,pancake28, "5 14 16 8 15 21 11 4 17 27 0 18 13 20 23 19 6 2 7 1 25 24 22 26 10 12 9 3", 
27,27,210,0.001735,121037
X, a*,gap,pancake28, "2 22 24 16 6 10 27 14 5 20 21 13 4 25 23 0 17 11 7 12 8 3 26 1 19 9 18 15", 
27,27,34,0.000307,110749
X, a*,gap,pancake28, "20 0 21 2 3 9 1 12 24 14 27 4 17 19 15 18 22 5 7 16 10 6 13 25 23 26 8 11", 
28,27,2007,0.022559,88966.7
X, a*,gap,pancake28, "25 15 11 14 4 12 7 8 10 21 19 3 18 2 0 6 22 24 5 1 13 16 9 27 20 17 26 23", 
28,27,1787,0.016243,110017
X, a*,gap,pancake28, "6 22 12 0 26 8 27 7 20 15 16 13 1 14 17 24 21 4 9 19 5 23 11 2 3 25 18 10", 
27,26,889,0.007621,116651
X, a*,gap,pancake28, "15 0 6 9 8 25 2 16 26 1 14 12 13 5 27 23 17 11 10 20 4 21 24 7 19 22 18 3", 
26,25,8239,0.105389,78177
X, a*,gap,pancake28, "7 25 16 24 18 19 14 5 21 15 12 11 6 0 23 26 1 22 13 17 8 9 2 4 10 27 20 3", 
25,25,423,0.003718,113771
X, a*,gap,pancake28, "7 12 15 13 3 5 22 26 23 18 20 16 1 6 8 19 21 10 4 9 25 11 14 0 24 27 2 17", 
28,28,1636,0.014984,109183
X, a*,gap,pancake28, "18 5 4 14 24 12 17 20 22 27 2 3 26 9 16 0 10 11 6 21 8 25 15 23 1 19 7 13", 
26,25,13017,0.14982,86884.3
X, a*,gap,pancake28, "24 1 15 12 22 27 13 2 10 19 14 3 17 23 21 9 0 6 18 7 20 11 16 26 5 25 4 8", 
28,28,2303,0.02675,86093.5
X, a*,gap,pancake28, "27 16 2 6 11 24 8 25 15 14 20 17 26 23 12 9 13 5 0 1 7 10 22 19 18 21 3 4", 
25,24,4335,0.052139,83143.1
X, a*,gap,pancake28, "16 13 7 6 12 4 10 8 0 24 2 18 17 21 25 19 11 5 14 15 26 23 9 1 27 22 3 20", 
26,25,528,0.005314,99360.2
X, a*,gap,pancake28, "19 17 22 25 26 10 5 13 23 0 16 21 3 24 15 7 27 1 14 20 6 4 9 12 11 2 8 18", 
27,26,6377,0.068959,92475.2
X, a*,gap,pancake28, "27 22 24 4 1 14 17 12 21 20 23 2 8 13 25 16 7 9 3 10 26 11 6 15 0 19 18 5", 
27,26,46958,0.581239,80789.5
X, a*,gap,pancake28, "25 3 9 0 4 21 19 15 23 17 6 18 11 24 16 7 20 8 13 14 12 1 26 2 10 27 5 22", 
27,27,146,0.001346,108470
X, a*,gap,pancake28, "5 27 23 20 17 24 14 4 9 6 15 2 13 1 12 25 8 19 3 21 7 10 26 11 0 18 22 16", 
29,28,25132,0.297029,84611.3
X, a*,gap,pancake28, "2 26 17 23 3 16 20 15 12 7 13 19 24 11 5 10 21 27 1 9 0 25 14 6 22 8 18 4", 
28,28,499,0.005046,98890.2
X, a*,gap,pancake28, "19 10 18 21 4 8 25 7 24 16 15 14 2 11 23 1 0 12 3 26 17 22 13 6 27 9 5 20", 
26,25,3398,0.032952,103120
X, a*,gap,pancake28, "27 13 21 26 14 11 16 2 7 9 4 10 8 25 6 24 17 20 15 22 23 12 5 3 19 18 1 0", 
25,25,308,0.002788,110473
X, a*,gap,pancake28, "1 11 21 14 16 17 27 18 19 9 8 12 6 25 0 15 5 13 20 26 3 4 24 22 10 7 2 23", 
25,24,9914,0.119244,83140.5
X, a*,gap,pancake28, "13 27 7 16 24 25 8 12 0 26 22 14 2 15 4 23 9 21 19 18 1 17 20 6 5 3 10 11", 
24,24,334,0.002935,113799
X, a*,gap,pancake28, "16 11 8 9 12 10 18 24 5 20 22 0 15 19 1 17 3 13 21 6 7 4 26 23 2 14 25 27", 
25,25,48,0.000348,137931
X, a*,gap,pancake28, "7 16 13 3 22 6 5 19 24 11 8 25 21 14 4 9 1 10 17 20 15 23 27 2 12 26 18 0", 
28,27,15241,0.171417,88911.8
X, a*,gap,pancake28, "11 0 7 2 1 3 25 4 20 16 12 17 26 19 5 13 10 9 21 14 18 8 23 27 22 15 6 24", 
27,26,2347,0.02421,96943.4
X, a*,gap,pancake28, "4 22 23 2 14 6 20 18 27 21 3 15 16 17 1 12 10 24 11 13 5 9 19 25 26 7 0 8", 
26,24,44768,0.572305,78224
X, a*,gap,pancake28, "7 5 27 2 22 16 25 26 13 23 3 17 15 21 12 24 10 9 14 19 1 4 8 0 18 20 6 11", 
27,26,2073,0.027791,74592.5
X, a*,gap,pancake28, "19 27 21 25 12 11 5 20 9 14 6 2 1 26 16 8 22 7 18 15 0 24 10 13 3 4 23 17", 
26,25,21958,0.287712,76319.4
X, a*,gap,pancake28, "4 24 26 18 23 7 2 3 6 0 12 8 15 25 21 17 5 1 13 22 16 10 20 27 11 14 9 19", 
28,27,28476,0.360931,78896
X, a*,gap,pancake28, "19 5 0 15 13 18 17 27 20 4 1 21 26 11 24 23 10 3 8 16 25 22 14 12 2 7 9 6", 
27,26,3707,0.041165,90052.2
X, a*,gap,pancake28, "24 14 2 0 18 6 25 22 7 5 10 12 16 1 11 20 19 8 4 13 21 23 27 3 15 17 26 9", 
28,27,22490,0.28709,78337.8
X, a*,gap,pancake28, "8 13 27 2 3 10 0 26 15 18 21 12 4 6 17 14 16 23 24 7 9 25 1 11 20 19 5 22", 
26,25,15105,0.190748,79188.2
X, a*,gap,pancake28, "17 13 10 15 23 3 9 12 0 25 18 6 14 27 22 21 20 19 7 2 5 24 4 8 26 1 16 11", 
25,25,464,0.00383,121149
X, a*,gap,pancake28, "19 6 1 22 25 21 8 5 27 12 24 3 7 23 17 10 9 4 11 14 0 26 15 18 20 13 2 16", 
28,27,3251,0.034351,94640.6
X, a*,gap,pancake28, "24 6 5 2 18 4 23 15 22 14 11 27 26 17 10 20 16 3 8 13 7 1 21 19 25 12 0 9", 
27,26,4497,0.057653,78001.1
X, a*,gap,pancake28, "25 26 0 27 6 3 18 15 16 4 8 17 23 1 9 5 21 2 19 12 11 7 10 20 13 14 24 22", 
25,24,3818,0.047786,79897.9
X, a*,gap,pancake28, "21 14 1 10 22 18 2 25 8 27 15 6 5 12 0 24 17 4 20 19 11 23 13 7 3 16 26 9", 
27,26,3031,0.031053,97607.3
X, a*,gap,pancake28, "27 5 9 1 24 16 15 21 22 11 25 2 13 10 18 12 20 17 6 26 19 4 0 8 23 3 7 14", 
26,26,363,0.003105,116908
X, a*,gap,pancake28, "25 3 14 12 1 16 20 21 24 15 2 23 6 11 22 17 10 13 8 0 19 7 18 5 27 9 4 26", 
27,27,39,0.000316,123418
X, a*,gap,pancake28, "24 10 11 26 8 27 0 6 15 25 5 1 14 7 17 13 21 2 23 4 3 12 9 16 22 19 20 18", 
26,25,2845,0.028835,98664.8
X, a*,gap,pancake28, "1 12 25 22 14 4 3 24 27 11 2 5 21 6 9 26 7 19 17 18 13 8 0 15 16 20 10 23", 
26,25,5488,0.066189,82914.1
X, a*,gap,pancake28, "19 14 4 6 23 15 2 1 0 8 7 22 17 5 12 10 25 18 21 26 9 3 11 13 27 20 24 16", 
26,25,926,0.010739,86227.8
X, a*,gap,pancake28, "21 1 16 17 15 14 20 27 25 4 8 22 24 9 10 11 6 23 5 13 0 19 18 12 2 7 3 26", 
24,23,8583,0.116078,73941.7
X, a*,gap,pancake28, "7 18 27 20 11 8 9 15 3 26 16 5 14 21 4 23 2 1 22 25 0 13 10 6 17 19 12 24", 
26,26,1003,0.010735,93432.7
X, a*,gap,pancake28, "5 19 11 16 0 18 8 25 27 21 2 24 20 7 9 10 1 22 6 15 26 23 4 14 13 17 12 3", 
26,26,798,0.006871,116140
X, a*,gap,pancake28, "27 0 24 8 18 4 9 2 14 21 1 11 22 20 10 19 25 7 12 23 6 5 26 16 13 15 17 3", 
28,27,20891,0.270921,77111
X, a*,gap,pancake28, "26 24 17 7 21 4 20 14 13 10 3 27 9 16 18 1 23 19 2 15 8 12 0 5 22 6 25 11", 
27,27,1034,0.01152,89756.9
X, a*,gap,pancake28, "15 3 2 19 11 14 13 22 26 20 17 1 0 6 16 12 7 24 9 4 21 8 27 18 5 23 10 25", 
26,25,9080,0.127353,71297.9
X, a*,gap,pancake28, "4 18 2 24 21 14 17 13 7 15 26 22 19 6 27 1 11 25 20 0 10 8 3 12 5 9 23 16", 
29,28,15032,0.188545,79726.3
X, a*,gap,pancake28, "15 5 7 24 4 3 18 1 13 17 10 26 16 22 19 25 14 6 27 2 8 11 0 20 23 9 12 21", 
28,27,3267,0.039994,81687.3
X, a*,gap,pancake28, "20 9 2 16 25 13 10 14 0 21 24 22 17 11 3 6 18 1 15 26 27 5 23 8 7 19 12 4", 
27,26,19310,0.2616,73815
X, a*,gap,pancake28, "23 24 21 10 12 2 18 16 19 27 13 20 11 17 6 1 3 7 4 14 0 15 8 5 25 9 26 22", 
27,27,50,0.000381,131234
X, a*,gap,pancake28, "10 5 7 18 13 3 19 16 20 8 15 12 6 21 1 22 9 25 27 23 14 24 0 17 4 2 26 11", 
28,28,1236,0.013596,90909.1
X, a*,gap,pancake28, "7 23 25 22 0 1 26 11 6 14 17 5 16 20 2 4 21 18 12 19 3 13 9 15 24 8 27 10", 
27,27,28,0.000194,144330
X, a*,gap,pancake28, "7 10 8 1 9 2 24 5 12 25 20 6 26 14 17 4 19 0 18 13 22 27 3 11 16 23 21 15", 
29,28,14247,0.17343,82148.4
X, a*,gap,pancake28, "1 3 15 9 13 11 17 22 21 26 18 24 25 20 8 6 7 2 23 27 19 12 10 4 16 14 0 5", 
26,25,391,0.003831,102062
X, a*,gap,pancake28, "24 7 10 15 22 9 13 19 1 4 0 27 14 23 11 6 20 12 5 25 2 18 8 16 3 17 21 26", 
28,28,1330,0.013169,100995
X, a*,gap,pancake28, "4 13 15 11 1 8 14 19 7 2 20 17 3 18 9 6 12 22 21 10 5 25 16 0 26 27 24 23", 
26,25,3310,0.032481,101906
X, a*,gap,pancake28, "2 24 20 27 22 19 7 8 0 21 6 13 4 3 15 16 5 17 25 14 23 26 12 9 11 10 18 1", 
25,24,5560,0.067298,82617.6
X, a*,gap,pancake28, "26 1 6 21 14 3 22 8 10 5 27 7 12 18 2 19 11 13 15 20 0 23 9 17 4 16 24 25", 
28,27,1983,0.025242,78559.5
X, a*,gap,pancake28, "20 23 7 5 6 11 12 8 1 14 16 9 18 0 3 19 22 27 25 26 24 17 21 10 15 4 13 2", 
26,25,2914,0.03565,81739.1
X, a*,gap,pancake28, "19 3 24 10 25 13 27 5 7 22 1 6 21 4 26 2 20 0 18 15 11 9 12 23 17 16 14 8", 
28,27,11017,0.145228,75860
X, a*,gap,pancake28, "23 13 24 10 11 27 22 19 20 4 8 12 5 9 18 16 7 14 17 6 2 26 3 0 25 1 21 15", 
26,26,146,0.001355,107749
X, a*,gap,pancake28, "10 13 3 7 14 5 17 18 22 21 15 12 6 20 25 2 1 16 24 8 9 19 0 23 27 26 11 4", 
25,23,9155,0.120118,76216.7
X, a*,gap,pancake28, "26 9 2 5 27 25 23 6 11 7 17 20 13 18 8 21 12 22 1 24 14 15 3 0 4 10 16 19", 
27,27,1694,0.015452,109630
X, a*,gap,pancake28, "16 5 17 22 10 20 6 3 15 11 1 12 18 21 7 25 13 26 27 4 8 2 9 14 23 19 24 0", 
28,27,1594,0.017036,93566.6
X, a*,gap,pancake28, "24 25 16 5 14 3 0 23 10 2 18 20 11 17 12 1 15 19 8 4 9 26 22 21 27 13 6 7", 
26,25,2895,0.03212,90130.8
X, a*,gap,pancake28, "7 5 9 15 0 14 21 13 3 1 17 16 23 22 8 20 27 11 24 18 6 26 4 12 19 25 10 2", 
26,26,213,0.001777,119865
X, a*,gap,pancake28, "9 27 11 18 25 6 23 8 21 20 14 7 26 13 17 3 12 4 2 10 24 16 5 15 1 0 22 19", 
26,26,271,0.00277,97833.9
X, a*,gap,pancake28, "0 6 10 22 4 2 24 8 25 23 15 17 13 1 3 5 20 19 11 9 12 14 18 26 7 16 27 21", 
28,27,11715,0.149556,78331.9
X, a*,gap,pancake28, "5 3 23 25 22 10 6 17 20 13 7 15 19 16 0 9 11 27 4 26 2 1 14 18 24 12 8 21", 
28,27,1353,0.013803,98022.2
X, a*,gap,pancake28, "20 23 2 15 1 25 24 9 26 22 10 18 6 16 0 5 7 14 13 4 11 27 19 21 17 8 3 12", 
27,26,7404,0.088156,83987.5
X, a*,gap,pancake28, "16 1 21 23 18 6 13 10 26 25 0 12 22 17 20 24 27 15 5 11 4 19 3 2 14 9 8 7", 
24,24,166,0.001438,115438
X, a*,gap,pancake28, "1 16 20 3 12 27 13 19 9 8 22 10 21 24 26 25 14 17 7 11 23 6 5 0 15 18 2 4", 
25,25,196,0.001622,120838
X, a*,gap,pancake28, "21 14 15 19 4 18 26 20 12 11 5 25 9 23 13 22 27 0 2 17 10 6 24 8 3 7 16 1", 
27,26,7046,0.083586,84296.4
X, a*,gap,pancake28, "10 12 4 16 5 6 7 8 3 0 26 14 9 17 15 11 21 19 2 27 13 20 23 25 24 1 22 18", 
25,24,864,0.007542,114558
X, a*,gap,pancake28, "6 22 16 25 12 23 5 19 0 21 4 18 20 11 10 14 9 7 27 2 1 26 15 17 24 13 8 3", 
27,26,3103,0.037252,83297.5
X, a*,gap,pancake28, "23 16 12 0 14 15 8 17 26 22 2 7 10 27 20 13 1 6 4 3 21 9 5 18 19 25 24 11", 
25,24,4418,0.054176,81549
X, a*,gap,pancake28, "21 3 6 4 19 15 14 2 7 24 8 18 16 11 25 5 12 0 17 9 27 23 10 13 26 22 1 20", 
27,27,42,0.000342,122807
X, a*,gap,pancake28, "21 24 23 20 19 25 0 16 22 6 5 14 4 13 7 1 8 17 11 15 3 18 26 27 12 9 10 2", 
25,23,19831,0.266155,74509.2
X, a*,gap,pancake28, "14 3 6 8 16 1 7 11 13 12 19 18 20 10 21 15 5 27 24 25 23 2 26 17 22 4 0 9", 
26,25,14041,0.176305,79640.4
X, a*,gap,pancake28, "23 7 26 22 2 6 3 21 0 27 12 16 13 17 24 5 10 9 1 14 4 15 8 11 25 19 20 18", 
27,26,2486,0.027506,90380.3
X, a*,gap,pancake28, "23 6 22 14 16 8 25 4 2 26 19 11 1 12 15 9 24 17 27 13 3 20 0 5 21 7 18 10", 
28,28,1098,0.011209,97957
X, a*,gap,pancake28, "25 16 5 15 4 2 7 27 18 10 0 21 23 14 22 17 26 13 24 19 20 3 11 12 9 6 8 1", 
27,26,7591,0.086469,87788.7
X, a*,gap,pancake28, "22 20 9 18 10 8 4 0 21 26 15 11 23 14 27 3 6 12 17 25 5 24 16 19 2 13 7 1", 
28,28,1137,0.011591,98093.3
X, a*,gap,pancake28, "6 23 5 27 15 14 17 24 18 4 26 21 16 7 10 8 11 25 20 12 13 3 22 1 19 0 9 2", 
27,26,62534,0.956522,65376.4
X, a*,gap,pancake28, "5 10 20 27 8 26 12 22 11 18 16 9 15 2 25 24 3 4 21 19 13 0 23 7 1 14 6 17", 
27,26,1449,0.019036,76118.9
X, a*,gap,pancake28, "1 15 26 7 6 13 10 8 24 3 4 14 16 21 11 12 25 18 2 5 23 27 0 9 17 19 22 20", 
26,25,7877,0.110519,71272.8
X, a*,gap,pancake28, "13 27 23 2 14 9 0 12 4 15 22 5 1 8 6 11 21 7 20 24 3 25 16 26 17 18 19 10", 
27,26,4135,0.054505,75864.6
X, a*,gap,pancake28, "15 6 13 12 4 22 9 5 23 2 11 20 17 7 14 19 27 0 25 1 24 21 8 3 10 26 16 18", 
28,27,3993,0.051918,76909.7
X, a*,gap,pancake28, "3 26 16 10 5 19 14 9 15 8 6 20 24 13 7 2 0 21 25 27 22 12 18 4 17 23 11 1", 
28,28,466,0.003905,119334
X, a*,gap,pancake28, "5 14 21 26 25 24 0 16 12 17 23 20 18 10 2 27 9 13 3 11 19 7 4 15 1 6 22 8", 
26,26,37,0.000335,110448
X, a*,gap,pancake28, "15 23 16 8 5 19 20 2 13 27 18 4 11 12 26 21 1 0 9 6 25 17 3 22 10 24 7 14", 
27,25,45007,0.602241,74732.5
X, a*,gap,pancake28, "20 13 17 11 22 1 4 24 5 6 18 14 15 0 2 10 16 21 12 3 26 23 19 9 25 7 27 8", 
26,26,308,0.003236,95179.2
X, a*,gap,pancake28, "11 1 19 18 10 21 17 22 4 15 26 14 7 3 25 20 24 0 5 12 2 27 13 6 23 16 9 8", 
27,26,6704,0.085534,78378.2
X, a*,gap,pancake28, "11 1 12 20 22 21 18 6 7 26 24 2 23 9 17 8 16 5 10 19 25 0 3 27 15 4 13 14", 
26,25,2938,0.037781,77764
X, a*,gap,pancake28, "12 4 2 17 6 27 0 18 19 10 23 24 21 8 3 5 14 26 22 25 9 1 7 11 15 13 16 20", 
27,26,1489,0.015924,93506.7
X, a*,gap,pancake28, "20 9 21 6 25 12 27 11 13 1 18 15 24 3 19 22 26 16 2 4 8 5 10 7 17 14 0 23", 
29,28,4533,0.064119,70696.7
X, a*,gap,pancake28, "3 1 13 26 9 18 5 27 7 14 15 6 23 12 17 2 8 4 24 11 0 25 10 22 19 20 16 21", 
27,26,2822,0.035448,79609.6
X, a*,gap,pancake28, "21 13 11 0 18 10 6 4 27 3 25 2 15 1 20 7 5 8 19 12 22 9 23 26 17 24 16 14", 
28,28,189,0.001684,112233
X, a*,gap,pancake28, "9 10 0 2 6 15 18 4 12 24 20 19 27 14 11 5 8 3 7 25 17 21 26 1 23 13 22 16", 
27,26,30500,0.360507,84603.1
X, a*,gap,pancake28, "2 3 1 9 26 18 7 25 8 13 19 11 23 6 10 14 22 5 27 24 16 4 15 12 20 17 0 21", 
28,27,686,0.006533,105005
X, a*,gap,pancake28, "3 17 13 26 10 24 1 9 5 12 15 22 19 27 18 8 4 6 7 16 11 25 14 21 23 0 20 2", 
28,27,1220,0.012894,94617.7
X, a*,gap,pancake28, "7 6 10 12 8 18 20 13 14 23 24 19 0 22 17 16 3 27 4 1 25 15 21 11 26 9 5 2", 
25,24,3610,0.034538,104523
X, a*,gap,pancake28, "18 21 16 24 4 6 7 11 9 0 26 10 25 1 15 17 3 14 20 19 27 22 2 12 13 23 5 8", 
25,25,197,0.001591,123821
X, a*,gap,pancake28, "1 15 13 14 26 22 17 8 5 24 6 10 4 19 0 11 25 7 3 2 23 20 18 9 21 12 27 16", 
27,26,3638,0.03463,105053
X, a*,gap,pancake28, "16 14 13 27 1 26 23 12 4 6 18 22 17 15 25 3 5 9 2 8 20 24 7 19 0 10 21 11", 
28,27,1882,0.01646,114338
X, a*,gap,pancake28, "15 18 23 27 10 25 21 12 5 26 24 9 19 20 11 17 8 4 6 0 1 7 22 2 13 3 16 14", 
27,26,19813,0.24602,80534.1
X, a*,gap,pancake28, "11 17 25 2 27 12 19 21 1 5 8 16 3 14 23 0 4 24 9 22 10 18 6 13 26 15 20 7", 
29,28,4445,0.050128,88673
X, a*,gap,pancake28, "18 5 9 7 10 4 26 2 11 3 1 0 8 14 13 27 20 6 24 21 19 16 17 22 23 15 12 25", 
26,24,14838,0.166818,88947.2
X, a*,gap,pancake28, "5 12 10 11 27 18 20 22 14 2 9 23 4 24 17 1 8 25 19 21 7 0 15 26 16 3 13 6", 
27,27,482,0.005055,95351.1
X, a*,gap,pancake28, "22 17 13 6 24 11 25 18 14 5 3 8 26 10 7 16 2 19 12 23 0 21 15 9 1 20 27 4", 
29,28,9258,0.112526,82274.3
X, a*,gap,pancake28, "1 0 14 4 25 19 16 9 13 21 5 6 18 15 17 11 8 27 23 24 20 10 2 3 22 7 12 26", 
25,24,5782,0.062227,92917.9
X, a*,gap,pancake28, "0 6 1 10 5 13 11 14 19 16 27 2 21 22 24 8 12 23 7 3 20 4 26 9 17 18 25 15", 
27,26,926,0.007608,121714
X, a*,gap,pancake28, "10 7 8 21 14 17 27 26 18 20 9 4 5 1 6 13 11 24 23 2 12 15 16 0 22 3 25 19", 
25,23,24098,0.329309,73177.5
X, a*,gap,pancake28, "26 18 7 25 13 10 1 20 16 19 3 15 14 9 11 2 5 17 23 8 22 6 0 4 24 21 12 27", 
26,26,1401,0.013026,107554
X, a*,gap,pancake28, "22 20 26 7 21 0 10 3 27 15 13 17 2 16 14 25 9 4 19 5 24 11 18 23 1 12 6 8", 
28,28,107,0.000844,126777
X, a*,gap,pancake28, "19 20 8 23 21 27 6 2 11 9 1 22 24 26 7 10 5 17 14 0 16 13 4 3 25 12 15 18", 
27,26,2378,0.024106,98647.6
X, a*,gap,pancake28, "10 5 25 9 6 21 4 24 27 19 11 1 22 2 0 23 18 12 3 14 8 13 15 20 26 7 16 17", 
27,27,756,0.006515,116040
X, a*,gap,pancake28, "19 23 18 1 13 26 24 0 12 25 8 7 3 11 5 27 14 15 2 4 21 10 6 17 16 20 9 22", 
25,25,204,0.001668,122302
X, a*,gap,pancake28, "2 1 26 27 3 5 11 12 21 24 16 22 7 13 9 15 18 19 6 25 4 8 14 10 20 0 17 23", 
25,24,866,0.007314,118403
X, a*,gap,pancake28, "7 12 16 3 21 6 10 15 8 24 5 20 22 25 4 23 26 1 13 11 0 27 17 14 2 19 18 9", 
27,27,491,0.005078,96691.6
X, a*,gap,pancake28, "5 19 12 10 1 18 20 27 16 22 2 25 0 6 7 13 24 8 21 11 9 23 3 4 26 17 15 14", 
26,25,3753,0.035902,104535
X, a*,gap,pancake28, "11 24 12 27 6 25 26 2 4 10 20 21 7 17 13 16 19 1 5 9 22 0 8 18 3 14 23 15", 
27,26,2718,0.027074,100392
X, a*,gap,pancake28, "16 13 11 7 4 8 12 1 26 3 6 25 27 22 5 9 20 2 24 23 10 14 15 19 17 21 0 18", 
27,26,2624,0.026061,100687
X, a*,gap,pancake28, "27 18 2 1 17 15 7 24 16 8 11 26 10 3 12 25 4 22 21 14 5 0 13 6 19 23 20 9", 
27,26,7596,0.097494,77912.5
X, a*,gap,pancake28, "19 23 6 27 3 9 26 10 25 13 15 2 14 24 21 0 17 4 5 22 1 7 12 20 16 18 8 11", 
28,27,9099,0.133457,68179.3
X, a*,gap,pancake28, "27 1 26 7 19 15 9 21 11 13 20 5 23 3 4 14 6 16 8 24 12 18 25 0 10 17 22 2", 
27,27,578,0.005479,105494
X, a*,gap,pancake28, "27 9 20 2 5 0 21 1 6 25 24 12 18 3 8 7 10 26 13 16 4 11 23 14 22 19 17 15", 
27,26,22778,0.274254,83054.4
X, a*,gap,pancake28, "10 2 24 21 20 23 1 19 12 22 9 6 13 25 17 0 4 27 7 5 15 8 14 26 16 11 18 3", 
28,27,3361,0.035364,95040.2
X, a*,gap,pancake28, "6 8 15 2 13 1 27 4 18 21 14 25 16 24 12 23 10 22 26 11 7 19 17 0 9 20 3 5", 
28,28,250,0.002529,98853.3
X, a*,gap,pancake28, "5 1 8 10 17 15 27 23 13 18 9 3 21 6 19 25 16 20 24 4 0 12 11 7 26 2 14 22", 
28,27,16218,0.223189,72664.9
X, a*,gap,pancake28, "18 0 6 12 20 3 27 26 8 10 15 11 14 21 25 1 5 17 9 4 16 7 24 23 19 22 2 13", 
27,26,8417,0.104779,80331
X, a*,gap,pancake28, "2 6 4 0 17 1 13 26 7 24 8 10 16 23 19 20 27 9 22 3 14 12 5 21 15 25 11 18", 
27,27,541,0.00572,94580.4
